Adams,PH0102801,Ilocos Norte
Bacarra,PH0102802,Ilocos Norte
Badoc,PH0102803,Ilocos Norte
Bangui,PH0102804,Ilocos Norte
City of Batac,PH0102805,Ilocos Norte
Burgos,PH0102806,Ilocos Norte
Carasi,PH0102807,Ilocos Norte
Currimao,PH0102808,Ilocos Norte
Dingras,PH0102809,Ilocos Norte
Dumalneg,PH0102810,Ilocos Norte
Banna (Espiritu),PH0102811,Ilocos Norte
Laoag City (Capital),PH0102812,Ilocos Norte
Marcos,PH0102813,Ilocos Norte
Nueva Era,PH0102814,Ilocos Norte
Pagudpud,PH0102815,Ilocos Norte
Paoay,PH0102816,Ilocos Norte
Pasuquin,PH0102817,Ilocos Norte
Piddig,PH0102818,Ilocos Norte
Pinili,PH0102819,Ilocos Norte
San Nicolas,PH0102820,Ilocos Norte
Sarrat,PH0102821,Ilocos Norte
Solsona,PH0102822,Ilocos Norte
Vintar,PH0102823,Ilocos Norte
Alilem,PH0102901,Ilocos Sur
Banayoyo,PH0102902,Ilocos Sur
Bantay,PH0102903,Ilocos Sur
Burgos,PH0102904,Ilocos Sur
Cabugao,PH0102905,Ilocos Sur
City of Candon,PH0102906,Ilocos Sur
Caoayan,PH0102907,Ilocos Sur
Cervantes,PH0102908,Ilocos Sur
Galimuyod,PH0102909,Ilocos Sur
Gregorio del Pilar (Concepcion),PH0102910,Ilocos Sur
Lidlidda,PH0102911,Ilocos Sur
Magsingal,PH0102912,Ilocos Sur
Nagbukel,PH0102913,Ilocos Sur
Narvacan,PH0102914,Ilocos Sur
Quirino (Angkaki),PH0102915,Ilocos Sur
Salcedo (Baugen),PH0102916,Ilocos Sur
San Emilio,PH0102917,Ilocos Sur
San Esteban,PH0102918,Ilocos Sur
San Ildefonso,PH0102919,Ilocos Sur
San Juan (Lapog),PH0102920,Ilocos Sur
San Vicente,PH0102921,Ilocos Sur
Santa,PH0102922,Ilocos Sur
Santa Catalina,PH0102923,Ilocos Sur
Santa Cruz,PH0102924,Ilocos Sur
Santa Lucia,PH0102925,Ilocos Sur
Santa Maria,PH0102926,Ilocos Sur
Santiago,PH0102927,Ilocos Sur
Santo Domingo,PH0102928,Ilocos Sur
Sigay,PH0102929,Ilocos Sur
Sinait,PH0102930,Ilocos Sur
Sugpon,PH0102931,Ilocos Sur
Suyo,PH0102932,Ilocos Sur
Tagudin,PH0102933,Ilocos Sur
City of Vigan (Capital),PH0102934,Ilocos Sur
Agoo,PH0103301,La Union
Aringay,PH0103302,La Union
Bacnotan,PH0103303,La Union
Bagulin,PH0103304,La Union
Balaoan,PH0103305,La Union
Bangar,PH0103306,La Union
Bauang,PH0103307,La Union
Burgos,PH0103308,La Union
Caba,PH0103309,La Union
Luna,PH0103310,La Union
Naguilian,PH0103311,La Union
Pugo,PH0103312,La Union
Rosario,PH0103313,La Union
City of San Fernando (Capital),PH0103314,La Union
San Gabriel,PH0103315,La Union
San Juan,PH0103316,La Union
Santo Tomas,PH0103317,La Union
Santol,PH0103318,La Union
Sudipen,PH0103319,La Union
Tubao,PH0103320,La Union
Agno,PH0105501,Pangasinan
Aguilar,PH0105502,Pangasinan
City of Alaminos,PH0105503,Pangasinan
Alcala,PH0105504,Pangasinan
Anda,PH0105505,Pangasinan
Asingan,PH0105506,Pangasinan
Balungao,PH0105507,Pangasinan
Bani,PH0105508,Pangasinan
Basista,PH0105509,Pangasinan
Bautista,PH0105510,Pangasinan
Bayambang,PH0105511,Pangasinan
Binalonan,PH0105512,Pangasinan
Binmaley,PH0105513,Pangasinan
Bolinao,PH0105514,Pangasinan
Bugallon,PH0105515,Pangasinan
Burgos,PH0105516,Pangasinan
Calasiao,PH0105517,Pangasinan
Dagupan City,PH0105518,Pangasinan
Dasol,PH0105519,Pangasinan
Infanta,PH0105520,Pangasinan
Labrador,PH0105521,Pangasinan
Lingayen (Capital),PH0105522,Pangasinan
Mabini,PH0105523,Pangasinan
Malasiqui,PH0105524,Pangasinan
Manaoag,PH0105525,Pangasinan
Mangaldan,PH0105526,Pangasinan
Mangatarem,PH0105527,Pangasinan
Mapandan,PH0105528,Pangasinan
Natividad,PH0105529,Pangasinan
Pozorrubio,PH0105530,Pangasinan
Rosales,PH0105531,Pangasinan
San Carlos City,PH0105532,Pangasinan
San Fabian,PH0105533,Pangasinan
San Jacinto,PH0105534,Pangasinan
San Manuel,PH0105535,Pangasinan
San Nicolas,PH0105536,Pangasinan
San Quintin,PH0105537,Pangasinan
Santa Barbara,PH0105538,Pangasinan
Santa Maria,PH0105539,Pangasinan
Santo Tomas,PH0105540,Pangasinan
Sison,PH0105541,Pangasinan
Sual,PH0105542,Pangasinan
Tayug,PH0105543,Pangasinan
Umingan,PH0105544,Pangasinan
Urbiztondo,PH0105545,Pangasinan
City of Urdaneta,PH0105546,Pangasinan
Villasis,PH0105547,Pangasinan
Laoac,PH0105548,Pangasinan
Basco (Capital),PH0200901,Batanes
Itbayat,PH0200902,Batanes
Ivana,PH0200903,Batanes
Mahatao,PH0200904,Batanes
Sabtang,PH0200905,Batanes
Uyugan,PH0200906,Batanes
Abulug,PH0201501,Cagayan
Alcala,PH0201502,Cagayan
Allacapan,PH0201503,Cagayan
Amulung,PH0201504,Cagayan
Aparri,PH0201505,Cagayan
Baggao,PH0201506,Cagayan
Ballesteros,PH0201507,Cagayan
Buguey,PH0201508,Cagayan
Calayan,PH0201509,Cagayan
Camalaniugan,PH0201510,Cagayan
Claveria,PH0201511,Cagayan
Enrile,PH0201512,Cagayan
Gattaran,PH0201513,Cagayan
Gonzaga,PH0201514,Cagayan
Iguig,PH0201515,Cagayan
Lal-lo,PH0201516,Cagayan
Lasam,PH0201517,Cagayan
Pamplona,PH0201518,Cagayan
Peñablanca,PH0201519,Cagayan
Piat,PH0201520,Cagayan
Rizal,PH0201521,Cagayan
Sanchez-Mira,PH0201522,Cagayan
Santa Ana,PH0201523,Cagayan
Santa Praxedes,PH0201524,Cagayan
Santa Teresita,PH0201525,Cagayan
Santo Niño (Faire),PH0201526,Cagayan
Solana,PH0201527,Cagayan
Tuao,PH0201528,Cagayan
Tuguegarao City (Capital),PH0201529,Cagayan
Alicia,PH0203101,Isabela
Angadanan,PH0203102,Isabela
Aurora,PH0203103,Isabela
Benito Soliven,PH0203104,Isabela
Burgos,PH0203105,Isabela
Cabagan,PH0203106,Isabela
Cabatuan,PH0203107,Isabela
City of Cauayan,PH0203108,Isabela
Cordon,PH0203109,Isabela
Dinapigue,PH0203110,Isabela
Divilacan,PH0203111,Isabela
Echague,PH0203112,Isabela
Gamu,PH0203113,Isabela
Ilagan City (Capital),PH0203114,Isabela
Jones,PH0203115,Isabela
Luna,PH0203116,Isabela
Maconacon,PH0203117,Isabela
Delfin Albano (Magsaysay),PH0203118,Isabela
Mallig,PH0203119,Isabela
Naguilian,PH0203120,Isabela
Palanan,PH0203121,Isabela
Quezon,PH0203122,Isabela
Quirino,PH0203123,Isabela
Ramon,PH0203124,Isabela
Reina Mercedes,PH0203125,Isabela
Roxas,PH0203126,Isabela
San Agustin,PH0203127,Isabela
San Guillermo,PH0203128,Isabela
San Isidro,PH0203129,Isabela
San Manuel,PH0203130,Isabela
San Mariano,PH0203131,Isabela
San Mateo,PH0203132,Isabela
San Pablo,PH0203133,Isabela
Santa Maria,PH0203134,Isabela
City of Santiago,PH0203135,Isabela
Santo Tomas,PH0203136,Isabela
Tumauini,PH0203137,Isabela
Ambaguio,PH0205001,Nueva Vizcaya
Aritao,PH0205002,Nueva Vizcaya
Bagabag,PH0205003,Nueva Vizcaya
Bambang,PH0205004,Nueva Vizcaya
Bayombong (Capital),PH0205005,Nueva Vizcaya
Diadi,PH0205006,Nueva Vizcaya
Dupax del Norte,PH0205007,Nueva Vizcaya
Dupax del Sur,PH0205008,Nueva Vizcaya
Kasibu,PH0205009,Nueva Vizcaya
Kayapa,PH0205010,Nueva Vizcaya
Quezon,PH0205011,Nueva Vizcaya
Santa Fe,PH0205012,Nueva Vizcaya
Solano,PH0205013,Nueva Vizcaya
Villaverde,PH0205014,Nueva Vizcaya
Alfonso Castaneda,PH0205015,Nueva Vizcaya
Aglipay,PH0205701,Quirino
Cabarroguis (Capital),PH0205702,Quirino
Diffun,PH0205703,Quirino
Maddela,PH0205704,Quirino
Saguday,PH0205705,Quirino
Nagtipunan,PH0205706,Quirino
Abucay,PH0300801,Bataan
Bagac,PH0300802,Bataan
City of Balanga (Capital),PH0300803,Bataan
Dinalupihan,PH0300804,Bataan
Hermosa,PH0300805,Bataan
Limay,PH0300806,Bataan
Mariveles,PH0300807,Bataan
Morong,PH0300808,Bataan
Orani,PH0300809,Bataan
Orion,PH0300810,Bataan
Pilar,PH0300811,Bataan
Samal,PH0300812,Bataan
Angat,PH0301401,Bulacan
Balagtas (Bigaa),PH0301402,Bulacan
City of Baliwag,PH0301403,Bulacan
Bocaue,PH0301404,Bulacan
Bulacan,PH0301405,Bulacan
Bustos,PH0301406,Bulacan
Calumpit,PH0301407,Bulacan
Guiguinto,PH0301408,Bulacan
Hagonoy,PH0301409,Bulacan
City of Malolos (Capital),PH0301410,Bulacan
Marilao,PH0301411,Bulacan
City of Meycauayan,PH0301412,Bulacan
Norzagaray,PH0301413,Bulacan
Obando,PH0301414,Bulacan
Pandi,PH0301415,Bulacan
Paombong,PH0301416,Bulacan
Plaridel,PH0301417,Bulacan
Pulilan,PH0301418,Bulacan
San Ildefonso,PH0301419,Bulacan
City of San Jose del Monte,PH0301420,Bulacan
San Miguel,PH0301421,Bulacan
San Rafael,PH0301422,Bulacan
Santa Maria,PH0301423,Bulacan
Doña Remedios Trinidad,PH0301424,Bulacan
Aliaga,PH0304901,Nueva Ecija
Bongabon,PH0304902,Nueva Ecija
Cabanatuan City,PH0304903,Nueva Ecija
Cabiao,PH0304904,Nueva Ecija
Carranglan,PH0304905,Nueva Ecija
Cuyapo,PH0304906,Nueva Ecija
Gabaldon (Bitulok & Sabani),PH0304907,Nueva Ecija
City of Gapan,PH0304908,Nueva Ecija
General Mamerto Natividad,PH0304909,Nueva Ecija
General Tinio (Papaya),PH0304910,Nueva Ecija
Guimba,PH0304911,Nueva Ecija
Jaen,PH0304912,Nueva Ecija
Laur,PH0304913,Nueva Ecija
Licab,PH0304914,Nueva Ecija
Llanera,PH0304915,Nueva Ecija
Lupao,PH0304916,Nueva Ecija
Science City of Muñoz,PH0304917,Nueva Ecija
Nampicuan,PH0304918,Nueva Ecija
Palayan City (Capital),PH0304919,Nueva Ecija
Pantabangan,PH0304920,Nueva Ecija
Peñaranda,PH0304921,Nueva Ecija
Quezon,PH0304922,Nueva Ecija
Rizal,PH0304923,Nueva Ecija
San Antonio,PH0304924,Nueva Ecija
San Isidro,PH0304925,Nueva Ecija
San Jose City,PH0304926,Nueva Ecija
San Leonardo,PH0304927,Nueva Ecija
Santa Rosa,PH0304928,Nueva Ecija
Santo Domingo,PH0304929,Nueva Ecija
Talavera,PH0304930,Nueva Ecija
Talugtug,PH0304931,Nueva Ecija
Zaragoza,PH0304932,Nueva Ecija
Angeles City,PH0305401,Pampanga
Apalit,PH0305402,Pampanga
Arayat,PH0305403,Pampanga
Bacolor,PH0305404,Pampanga
Candaba,PH0305405,Pampanga
Floridablanca,PH0305406,Pampanga
Guagua,PH0305407,Pampanga
Lubao,PH0305408,Pampanga
Mabalacat City,PH0305409,Pampanga
Macabebe,PH0305410,Pampanga
Magalang,PH0305411,Pampanga
Masantol,PH0305412,Pampanga
Mexico,PH0305413,Pampanga
Minalin,PH0305414,Pampanga
Porac,PH0305415,Pampanga
City of San Fernando (Capital),PH0305416,Pampanga
San Luis,PH0305417,Pampanga
San Simon,PH0305418,Pampanga
Santa Ana,PH0305419,Pampanga
Santa Rita,PH0305420,Pampanga
Sto. Tomas,PH0305421,Pampanga
Sasmuan (Sexmoan),PH0305422,Pampanga
Anao,PH0306901,Tarlac
Bamban,PH0306902,Tarlac
Camiling,PH0306903,Tarlac
Capas,PH0306904,Tarlac
Concepcion,PH0306905,Tarlac
Gerona,PH0306906,Tarlac
La Paz,PH0306907,Tarlac
Mayantoc,PH0306908,Tarlac
Moncada,PH0306909,Tarlac
Paniqui,PH0306910,Tarlac
Pura,PH0306911,Tarlac
Ramos,PH0306912,Tarlac
San Clemente,PH0306913,Tarlac
San Manuel,PH0306914,Tarlac
Santa Ignacia,PH0306915,Tarlac
City of Tarlac (Capital),PH0306916,Tarlac
Victoria,PH0306917,Tarlac
San Jose,PH0306918,Tarlac
Botolan,PH0307101,Zambales
Cabangan,PH0307102,Zambales
Candelaria,PH0307103,Zambales
Castillejos,PH0307104,Zambales
Iba (Capital),PH0307105,Zambales
Masinloc,PH0307106,Zambales
Olongapo City,PH0307107,Zambales
Palauig,PH0307108,Zambales
San Antonio,PH0307109,Zambales
San Felipe,PH0307110,Zambales
San Marcelino,PH0307111,Zambales
San Narciso,PH0307112,Zambales
Santa Cruz,PH0307113,Zambales
Subic,PH0307114,Zambales
Baler (Capital),PH0307701,Aurora
Casiguran,PH0307702,Aurora
Dilasag,PH0307703,Aurora
Dinalungan,PH0307704,Aurora
Dingalan,PH0307705,Aurora
Dipaculao,PH0307706,Aurora
Maria Aurora,PH0307707,Aurora
San Luis,PH0307708,Aurora
Agoncillo,PH0401001,Batangas
Alitagtag,PH0401002,Batangas
Balayan,PH0401003,Batangas
Balete,PH0401004,Batangas
Batangas City (Capital),PH0401005,Batangas
Bauan,PH0401006,Batangas
City of Calaca,PH0401007,Batangas
Calatagan,PH0401008,Batangas
Cuenca,PH0401009,Batangas
Ibaan,PH0401010,Batangas
Laurel,PH0401011,Batangas
Lemery,PH0401012,Batangas
Lian,PH0401013,Batangas
Lipa City,PH0401014,Batangas
Lobo,PH0401015,Batangas
Mabini,PH0401016,Batangas
Malvar,PH0401017,Batangas
Mataasnakahoy,PH0401018,Batangas
Nasugbu,PH0401019,Batangas
Padre Garcia,PH0401020,Batangas
Rosario,PH0401021,Batangas
San Jose,PH0401022,Batangas
San Juan,PH0401023,Batangas
San Luis,PH0401024,Batangas
San Nicolas,PH0401025,Batangas
San Pascual,PH0401026,Batangas
Santa Teresita,PH0401027,Batangas
City of Sto. Tomas,PH0401028,Batangas
Taal,PH0401029,Batangas
Talisay,PH0401030,Batangas
City of Tanauan,PH0401031,Batangas
Taysan,PH0401032,Batangas
Tingloy,PH0401033,Batangas
Tuy,PH0401034,Batangas
Alfonso,PH0402101,Cavite
Amadeo,PH0402102,Cavite
Bacoor City,PH0402103,Cavite
Carmona,PH0402104,Cavite
Cavite City,PH0402105,Cavite
City of Dasmariñas,PH0402106,Cavite
General Emilio Aguinaldo,PH0402107,Cavite
City of General Trias,PH0402108,Cavite
Imus City,PH0402109,Cavite
Indang,PH0402110,Cavite
Kawit,PH0402111,Cavite
Magallanes,PH0402112,Cavite
Maragondon,PH0402113,Cavite
Mendez (Mendez-Nuñez),PH0402114,Cavite
Naic,PH0402115,Cavite
Noveleta,PH0402116,Cavite
Rosario,PH0402117,Cavite
Silang,PH0402118,Cavite
Tagaytay City,PH0402119,Cavite
Tanza,PH0402120,Cavite
Ternate,PH0402121,Cavite
Trece Martires City (Capital),PH0402122,Cavite
Gen. Mariano Alvarez,PH0402123,Cavite
Alaminos,PH0403401,Laguna
Bay,PH0403402,Laguna
City of Biñan,PH0403403,Laguna
Cabuyao City,PH0403404,Laguna
City of Calamba,PH0403405,Laguna
Calauan,PH0403406,Laguna
Cavinti,PH0403407,Laguna
Famy,PH0403408,Laguna
Kalayaan,PH0403409,Laguna
Liliw,PH0403410,Laguna
Los Baños,PH0403411,Laguna
Luisiana,PH0403412,Laguna
Lumban,PH0403413,Laguna
Mabitac,PH0403414,Laguna
Magdalena,PH0403415,Laguna
Majayjay,PH0403416,Laguna
Nagcarlan,PH0403417,Laguna
Paete,PH0403418,Laguna
Pagsanjan,PH0403419,Laguna
Pakil,PH0403420,Laguna
Pangil,PH0403421,Laguna
Pila,PH0403422,Laguna
Rizal,PH0403423,Laguna
San Pablo City,PH0403424,Laguna
City of San Pedro,PH0403425,Laguna
Santa Cruz (Capital),PH0403426,Laguna
Santa Maria,PH0403427,Laguna
City of Santa Rosa,PH0403428,Laguna
Siniloan,PH0403429,Laguna
Victoria,PH0403430,Laguna
Agdangan,PH0405601,Quezon
Alabat,PH0405602,Quezon
Atimonan,PH0405603,Quezon
Buenavista,PH0405605,Quezon
Burdeos,PH0405606,Quezon
Calauag,PH0405607,Quezon
Candelaria,PH0405608,Quezon
Catanauan,PH0405610,Quezon
Dolores,PH0405615,Quezon
General Luna,PH0405616,Quezon
General Nakar,PH0405617,Quezon
Guinayangan,PH0405618,Quezon
Gumaca,PH0405619,Quezon
Infanta,PH0405620,Quezon
Jomalig,PH0405621,Quezon
Lopez,PH0405622,Quezon
Lucban,PH0405623,Quezon
Lucena City (Capital),PH0405624,Quezon
Macalelon,PH0405625,Quezon
Mauban,PH0405627,Quezon
Mulanay,PH0405628,Quezon
Padre Burgos,PH0405629,Quezon
Pagbilao,PH0405630,Quezon
Panukulan,PH0405631,Quezon
Patnanungan,PH0405632,Quezon
Perez,PH0405633,Quezon
Pitogo,PH0405634,Quezon
Plaridel,PH0405635,Quezon
Polillo,PH0405636,Quezon
Quezon,PH0405637,Quezon
Real,PH0405638,Quezon
Sampaloc,PH0405639,Quezon
San Andres,PH0405640,Quezon
San Antonio,PH0405641,Quezon
San Francisco (Aurora),PH0405642,Quezon
San Narciso,PH0405644,Quezon
Sariaya,PH0405645,Quezon
Tagkawayan,PH0405646,Quezon
City of Tayabas,PH0405647,Quezon
Tiaong,PH0405648,Quezon
Unisan,PH0405649,Quezon
Angono,PH0405801,Rizal
City of Antipolo,PH0405802,Rizal
Baras,PH0405803,Rizal
Binangonan,PH0405804,Rizal
Cainta,PH0405805,Rizal
Cardona,PH0405806,Rizal
Jala-jala,PH0405807,Rizal
Rodriguez (Montalban),PH0405808,Rizal
Morong,PH0405809,Rizal
Pililla,PH0405810,Rizal
San Mateo,PH0405811,Rizal
Tanay,PH0405812,Rizal
Taytay,PH0405813,Rizal
Teresa,PH0405814,Rizal
Bacacay,PH0500501,Albay
Camalig,PH0500502,Albay
Daraga (Locsin),PH0500503,Albay
Guinobatan,PH0500504,Albay
Jovellar,PH0500505,Albay
Legazpi City (Capital),PH0500506,Albay
Libon,PH0500507,Albay
City of Ligao,PH0500508,Albay
Malilipot,PH0500509,Albay
Malinao,PH0500510,Albay
Manito,PH0500511,Albay
Oas,PH0500512,Albay
Pio Duran,PH0500513,Albay
Polangui,PH0500514,Albay
Rapu-Rapu,PH0500515,Albay
Santo Domingo (Libog),PH0500516,Albay
City of Tabaco,PH0500517,Albay
Tiwi,PH0500518,Albay
Basud,PH0501601,Camarines Norte
Capalonga,PH0501602,Camarines Norte
Daet (Capital),PH0501603,Camarines Norte
San Lorenzo Ruiz (Imelda),PH0501604,Camarines Norte
Jose Panganiban,PH0501605,Camarines Norte
Labo,PH0501606,Camarines Norte
Mercedes,PH0501607,Camarines Norte
Paracale,PH0501608,Camarines Norte
San Vicente,PH0501609,Camarines Norte
Santa Elena,PH0501610,Camarines Norte
Talisay,PH0501611,Camarines Norte
Vinzons,PH0501612,Camarines Norte
Baao,PH0501701,Camarines Sur
Balatan,PH0501702,Camarines Sur
Bato,PH0501703,Camarines Sur
Bombon,PH0501704,Camarines Sur
Buhi,PH0501705,Camarines Sur
Bula,PH0501706,Camarines Sur
Cabusao,PH0501707,Camarines Sur
Calabanga,PH0501708,Camarines Sur
Camaligan,PH0501709,Camarines Sur
Canaman,PH0501710,Camarines Sur
Caramoan,PH0501711,Camarines Sur
Del Gallego,PH0501712,Camarines Sur
Gainza,PH0501713,Camarines Sur
Garchitorena,PH0501714,Camarines Sur
Goa,PH0501715,Camarines Sur
Iriga City,PH0501716,Camarines Sur
Lagonoy,PH0501717,Camarines Sur
Libmanan,PH0501718,Camarines Sur
Lupi,PH0501719,Camarines Sur
Magarao,PH0501720,Camarines Sur
Milaor,PH0501721,Camarines Sur
Minalabac,PH0501722,Camarines Sur
Nabua,PH0501723,Camarines Sur
Naga City,PH0501724,Camarines Sur
Ocampo,PH0501725,Camarines Sur
Pamplona,PH0501726,Camarines Sur
Pasacao,PH0501727,Camarines Sur
Pili (Capital),PH0501728,Camarines Sur
Presentacion (Parubcan),PH0501729,Camarines Sur
Ragay,PH0501730,Camarines Sur
Sagñay,PH0501731,Camarines Sur
San Fernando,PH0501732,Camarines Sur
San Jose,PH0501733,Camarines Sur
Sipocot,PH0501734,Camarines Sur
Siruma,PH0501735,Camarines Sur
Tigaon,PH0501736,Camarines Sur
Tinambac,PH0501737,Camarines Sur
Bagamanoc,PH0502001,Catanduanes
Baras,PH0502002,Catanduanes
Bato,PH0502003,Catanduanes
Caramoran,PH0502004,Catanduanes
Gigmoto,PH0502005,Catanduanes
Pandan,PH0502006,Catanduanes
Panganiban (Payo),PH0502007,Catanduanes
San Andres (Calolbon),PH0502008,Catanduanes
San Miguel,PH0502009,Catanduanes
Viga,PH0502010,Catanduanes
Virac (Capital),PH0502011,Catanduanes
Aroroy,PH0504101,Masbate
Baleno,PH0504102,Masbate
Balud,PH0504103,Masbate
Batuan,PH0504104,Masbate
Cataingan,PH0504105,Masbate
Cawayan,PH0504106,Masbate
Claveria,PH0504107,Masbate
Dimasalang,PH0504108,Masbate
Esperanza,PH0504109,Masbate
Mandaon,PH0504110,Masbate
City of Masbate (Capital),PH0504111,Masbate
Milagros,PH0504112,Masbate
Mobo,PH0504113,Masbate
Monreal,PH0504114,Masbate
Palanas,PH0504115,Masbate
Pio V. Corpus (Limbuhan),PH0504116,Masbate
Placer,PH0504117,Masbate
San Fernando,PH0504118,Masbate
San Jacinto,PH0504119,Masbate
San Pascual,PH0504120,Masbate
Uson,PH0504121,Masbate
Barcelona,PH0506202,Sorsogon
Bulan,PH0506203,Sorsogon
Bulusan,PH0506204,Sorsogon
Casiguran,PH0506205,Sorsogon
Castilla,PH0506206,Sorsogon
Donsol,PH0506207,Sorsogon
Gubat,PH0506208,Sorsogon
Irosin,PH0506209,Sorsogon
Juban,PH0506210,Sorsogon
Magallanes,PH0506211,Sorsogon
Matnog,PH0506212,Sorsogon
Pilar,PH0506213,Sorsogon
Prieto Diaz,PH0506214,Sorsogon
Santa Magdalena,PH0506215,Sorsogon
City of Sorsogon (Capital),PH0506216,Sorsogon
Altavas,PH0600401,Aklan
Balete,PH0600402,Aklan
Banga,PH0600403,Aklan
Batan,PH0600404,Aklan
Buruanga,PH0600405,Aklan
Ibajay,PH0600406,Aklan
Kalibo (Capital),PH0600407,Aklan
Lezo,PH0600408,Aklan
Libacao,PH0600409,Aklan
Madalag,PH0600410,Aklan
Makato,PH0600411,Aklan
Malay,PH0600412,Aklan
Malinao,PH0600413,Aklan
Nabas,PH0600414,Aklan
New Washington,PH0600415,Aklan
Numancia,PH0600416,Aklan
Tangalan,PH0600417,Aklan
Anini-y,PH0600601,Antique
Barbaza,PH0600602,Antique
Belison,PH0600603,Antique
Bugasong,PH0600604,Antique
Caluya,PH0600605,Antique
Culasi,PH0600606,Antique
Tobias Fornier (Dao),PH0600607,Antique
Hamtic,PH0600608,Antique
Laua-an,PH0600609,Antique
Libertad,PH0600610,Antique
Pandan,PH0600611,Antique
Patnongon,PH0600612,Antique
San Jose (Capital),PH0600613,Antique
San Remigio,PH0600614,Antique
Sebaste,PH0600615,Antique
Sibalom,PH0600616,Antique
Tibiao,PH0600617,Antique
Valderrama,PH0600618,Antique
Cuartero,PH0601901,Capiz
Dao,PH0601902,Capiz
Dumalag,PH0601903,Capiz
Dumarao,PH0601904,Capiz
Ivisan,PH0601905,Capiz
Jamindan,PH0601906,Capiz
Ma-ayon,PH0601907,Capiz
Mambusao,PH0601908,Capiz
Panay,PH0601909,Capiz
Panitan,PH0601910,Capiz
Pilar,PH0601911,Capiz
Pontevedra,PH0601912,Capiz
President Roxas,PH0601913,Capiz
Roxas City (Capital),PH0601914,Capiz
Sapi-an,PH0601915,Capiz
Sigma,PH0601916,Capiz
Tapaz,PH0601917,Capiz
Ajuy,PH0603001,Iloilo
Alimodian,PH0603002,Iloilo
Anilao,PH0603003,Iloilo
Badiangan,PH0603004,Iloilo
Balasan,PH0603005,Iloilo
Banate,PH0603006,Iloilo
Barotac Nuevo,PH0603007,Iloilo
Barotac Viejo,PH0603008,Iloilo
Batad,PH0603009,Iloilo
Bingawan,PH0603010,Iloilo
Cabatuan,PH0603012,Iloilo
Calinog,PH0603013,Iloilo
Carles,PH0603014,Iloilo
Concepcion,PH0603015,Iloilo
Dingle,PH0603016,Iloilo
Dueñas,PH0603017,Iloilo
Dumangas,PH0603018,Iloilo
Estancia,PH0603019,Iloilo
Guimbal,PH0603020,Iloilo
Igbaras,PH0603021,Iloilo
Iloilo City (Capital),PH0603022,Iloilo
Janiuay,PH0603023,Iloilo
Lambunao,PH0603025,Iloilo
Leganes,PH0603026,Iloilo
Lemery,PH0603027,Iloilo
Leon,PH0603028,Iloilo
Maasin,PH0603029,Iloilo
Miagao,PH0603030,Iloilo
Mina,PH0603031,Iloilo
New Lucena,PH0603032,Iloilo
Oton,PH0603034,Iloilo
City of Passi,PH0603035,Iloilo
Pavia,PH0603036,Iloilo
Pototan,PH0603037,Iloilo
San Dionisio,PH0603038,Iloilo
San Enrique,PH0603039,Iloilo
San Joaquin,PH0603040,Iloilo
San Miguel,PH0603041,Iloilo
San Rafael,PH0603042,Iloilo
Santa Barbara,PH0603043,Iloilo
Sara,PH0603044,Iloilo
Tigbauan,PH0603045,Iloilo
Tubungan,PH0603046,Iloilo
Zarraga,PH0603047,Iloilo
Bacolod City (Capital),PH0604501,Negros Occidental
Bago City,PH0604502,Negros Occidental
Binalbagan,PH0604503,Negros Occidental
Cadiz City,PH0604504,Negros Occidental
Calatrava,PH0604505,Negros Occidental
Candoni,PH0604506,Negros Occidental
Cauayan,PH0604507,Negros Occidental
Enrique B. Magalona (Saravia),PH0604508,Negros Occidental
City of Escalante,PH0604509,Negros Occidental
City of Himamaylan,PH0604510,Negros Occidental
Hinigaran,PH0604511,Negros Occidental
Hinoba-an (Asia),PH0604512,Negros Occidental
Ilog,PH0604513,Negros Occidental
Isabela,PH0604514,Negros Occidental
City of Kabankalan,PH0604515,Negros Occidental
La Carlota City,PH0604516,Negros Occidental
La Castellana,PH0604517,Negros Occidental
Manapla,PH0604518,Negros Occidental
Moises Padilla (Magallon),PH0604519,Negros Occidental
Murcia,PH0604520,Negros Occidental
Pontevedra,PH0604521,Negros Occidental
Pulupandan,PH0604522,Negros Occidental
Sagay City,PH0604523,Negros Occidental
San Carlos City,PH0604524,Negros Occidental
San Enrique,PH0604525,Negros Occidental
Silay City,PH0604526,Negros Occidental
City of Sipalay,PH0604527,Negros Occidental
City of Talisay,PH0604528,Negros Occidental
Toboso,PH0604529,Negros Occidental
Valladolid,PH0604530,Negros Occidental
City of Victorias,PH0604531,Negros Occidental
Salvador Benedicto,PH0604532,Negros Occidental
Buenavista,PH0607901,Guimaras
Jordan (Capital),PH0607902,Guimaras
Nueva Valencia,PH0607903,Guimaras
San Lorenzo,PH0607904,Guimaras
Sibunag,PH0607905,Guimaras
Alburquerque,PH0701201,Bohol
Alicia,PH0701202,Bohol
Anda,PH0701203,Bohol
Antequera,PH0701204,Bohol
Baclayon,PH0701205,Bohol
Balilihan,PH0701206,Bohol
Batuan,PH0701207,Bohol
Bilar,PH0701208,Bohol
Buenavista,PH0701209,Bohol
Calape,PH0701210,Bohol
Candijay,PH0701211,Bohol
Carmen,PH0701212,Bohol
Catigbian,PH0701213,Bohol
Clarin,PH0701214,Bohol
Corella,PH0701215,Bohol
Cortes,PH0701216,Bohol
Dagohoy,PH0701217,Bohol
Danao,PH0701218,Bohol
Dauis,PH0701219,Bohol
Dimiao,PH0701220,Bohol
Duero,PH0701221,Bohol
Garcia Hernandez,PH0701222,Bohol
Guindulman,PH0701223,Bohol
Inabanga,PH0701224,Bohol
Jagna,PH0701225,Bohol
Getafe,PH0701226,Bohol
Lila,PH0701227,Bohol
Loay,PH0701228,Bohol
Loboc,PH0701229,Bohol
Loon,PH0701230,Bohol
Mabini,PH0701231,Bohol
Maribojoc,PH0701232,Bohol
Panglao,PH0701233,Bohol
Pilar,PH0701234,Bohol
President Carlos P. Garcia (Pitogo),PH0701235,Bohol
Sagbayan (Borja),PH0701236,Bohol
San Isidro,PH0701237,Bohol
San Miguel,PH0701238,Bohol
Sevilla,PH0701239,Bohol
Sierra Bullones,PH0701240,Bohol
Sikatuna,PH0701241,Bohol
Tagbilaran City (Capital),PH0701242,Bohol
Talibon,PH0701243,Bohol
Trinidad,PH0701244,Bohol
Tubigon,PH0701245,Bohol
Ubay,PH0701246,Bohol
Valencia,PH0701247,Bohol
Bien Unido,PH0701248,Bohol
Alcantara,PH0702201,Cebu
Alcoy,PH0702202,Cebu
Alegria,PH0702203,Cebu
Aloguinsan,PH0702204,Cebu
Argao,PH0702205,Cebu
Asturias,PH0702206,Cebu
Badian,PH0702207,Cebu
Balamban,PH0702208,Cebu
Bantayan,PH0702209,Cebu
Barili,PH0702210,Cebu
City of Bogo,PH0702211,Cebu
Boljoon,PH0702212,Cebu
Borbon,PH0702213,Cebu
City of Carcar,PH0702214,Cebu
Carmen,PH0702215,Cebu
Catmon,PH0702216,Cebu
Cebu City (Capital),PH0702217,Cebu
Compostela,PH0702218,Cebu
Consolacion,PH0702219,Cebu
Cordova,PH0702220,Cebu
Daanbantayan,PH0702221,Cebu
Dalaguete,PH0702222,Cebu
Danao City,PH0702223,Cebu
Dumanjug,PH0702224,Cebu
Ginatilan,PH0702225,Cebu
Lapu-Lapu City (Opon),PH0702226,Cebu
Liloan,PH0702227,Cebu
Madridejos,PH0702228,Cebu
Malabuyoc,PH0702229,Cebu
Mandaue City,PH0702230,Cebu
Medellin,PH0702231,Cebu
Minglanilla,PH0702232,Cebu
Moalboal,PH0702233,Cebu
City of Naga,PH0702234,Cebu
Oslob,PH0702235,Cebu
Pilar,PH0702236,Cebu
Pinamungajan,PH0702237,Cebu
Poro,PH0702238,Cebu
Ronda,PH0702239,Cebu
Samboan,PH0702240,Cebu
San Fernando,PH0702241,Cebu
San Francisco,PH0702242,Cebu
San Remigio,PH0702243,Cebu
Santa Fe,PH0702244,Cebu
Santander,PH0702245,Cebu
Sibonga,PH0702246,Cebu
Sogod,PH0702247,Cebu
Tabogon,PH0702248,Cebu
Tabuelan,PH0702249,Cebu
City of Talisay,PH0702250,Cebu
Toledo City,PH0702251,Cebu
Tuburan,PH0702252,Cebu
Tudela,PH0702253,Cebu
Amlan (Ayuquitan),PH0704601,Negros Oriental
Ayungon,PH0704602,Negros Oriental
Bacong,PH0704603,Negros Oriental
Bais City,PH0704604,Negros Oriental
Basay,PH0704605,Negros Oriental
City of Bayawan (Tulong),PH0704606,Negros Oriental
Bindoy (Payabon),PH0704607,Negros Oriental
Canlaon City,PH0704608,Negros Oriental
Dauin,PH0704609,Negros Oriental
Dumaguete City (Capital),PH0704610,Negros Oriental
City of Guihulngan,PH0704611,Negros Oriental
Jimalalud,PH0704612,Negros Oriental
La Libertad,PH0704613,Negros Oriental
Mabinay,PH0704614,Negros Oriental
Manjuyod,PH0704615,Negros Oriental
Pamplona,PH0704616,Negros Oriental
San Jose,PH0704617,Negros Oriental
Santa Catalina,PH0704618,Negros Oriental
Siaton,PH0704619,Negros Oriental
Sibulan,PH0704620,Negros Oriental
City of Tanjay,PH0704621,Negros Oriental
Tayasan,PH0704622,Negros Oriental
Valencia (Luzurriaga),PH0704623,Negros Oriental
Vallehermoso,PH0704624,Negros Oriental
Zamboanguita,PH0704625,Negros Oriental
Enrique Villanueva,PH0706101,Siquijor
Larena,PH0706102,Siquijor
Lazi,PH0706103,Siquijor
Maria,PH0706104,Siquijor
San Juan,PH0706105,Siquijor
Siquijor (Capital),PH0706106,Siquijor
Arteche,PH0802601,Eastern Samar
Balangiga,PH0802602,Eastern Samar
Balangkayan,PH0802603,Eastern Samar
City of Borongan (Capital),PH0802604,Eastern Samar
Can-avid,PH0802605,Eastern Samar
Dolores,PH0802606,Eastern Samar
General Macarthur,PH0802607,Eastern Samar
Giporlos,PH0802608,Eastern Samar
Guiuan,PH0802609,Eastern Samar
Hernani,PH0802610,Eastern Samar
Jipapad,PH0802611,Eastern Samar
Lawaan,PH0802612,Eastern Samar
Llorente,PH0802613,Eastern Samar
Maslog,PH0802614,Eastern Samar
Maydolong,PH0802615,Eastern Samar
Mercedes,PH0802616,Eastern Samar
Oras,PH0802617,Eastern Samar
Quinapondan,PH0802618,Eastern Samar
Salcedo,PH0802619,Eastern Samar
San Julian,PH0802620,Eastern Samar
San Policarpo,PH0802621,Eastern Samar
Sulat,PH0802622,Eastern Samar
Taft,PH0802623,Eastern Samar
Abuyog,PH0803701,Leyte
Alangalang,PH0803702,Leyte
Albuera,PH0803703,Leyte
Babatngon,PH0803705,Leyte
Barugo,PH0803706,Leyte
Bato,PH0803707,Leyte
City of Baybay,PH0803708,Leyte
Burauen,PH0803710,Leyte
Calubian,PH0803713,Leyte
Capoocan,PH0803714,Leyte
Carigara,PH0803715,Leyte
Dagami,PH0803717,Leyte
Dulag,PH0803718,Leyte
Hilongos,PH0803719,Leyte
Hindang,PH0803720,Leyte
Inopacan,PH0803721,Leyte
Isabel,PH0803722,Leyte
Jaro,PH0803723,Leyte
Javier (Bugho),PH0803724,Leyte
Julita,PH0803725,Leyte
Kananga,PH0803726,Leyte
La Paz,PH0803728,Leyte
Leyte,PH0803729,Leyte
Macarthur,PH0803730,Leyte
Mahaplag,PH0803731,Leyte
Matag-ob,PH0803733,Leyte
Matalom,PH0803734,Leyte
Mayorga,PH0803735,Leyte
Merida,PH0803736,Leyte
Ormoc City,PH0803738,Leyte
Palo,PH0803739,Leyte
Palompon,PH0803740,Leyte
Pastrana,PH0803741,Leyte
San Isidro,PH0803742,Leyte
San Miguel,PH0803743,Leyte
Santa Fe,PH0803744,Leyte
Tabango,PH0803745,Leyte
Tabontabon,PH0803746,Leyte
Tacloban City (Capital),PH0803747,Leyte
Tanauan,PH0803748,Leyte
Tolosa,PH0803749,Leyte
Tunga,PH0803750,Leyte
Villaba,PH0803751,Leyte
Allen,PH0804801,Northern Samar
Biri,PH0804802,Northern Samar
Bobon,PH0804803,Northern Samar
Capul,PH0804804,Northern Samar
Catarman (Capital),PH0804805,Northern Samar
Catubig,PH0804806,Northern Samar
Gamay,PH0804807,Northern Samar
Laoang,PH0804808,Northern Samar
Lapinig,PH0804809,Northern Samar
Las Navas,PH0804810,Northern Samar
Lavezares,PH0804811,Northern Samar
Mapanas,PH0804812,Northern Samar
Mondragon,PH0804813,Northern Samar
Palapag,PH0804814,Northern Samar
Pambujan,PH0804815,Northern Samar
Rosario,PH0804816,Northern Samar
San Antonio,PH0804817,Northern Samar
San Isidro,PH0804818,Northern Samar
San Jose,PH0804819,Northern Samar
San Roque,PH0804820,Northern Samar
San Vicente,PH0804821,Northern Samar
Silvino Lobos,PH0804822,Northern Samar
Victoria,PH0804823,Northern Samar
Lope De Vega,PH0804824,Northern Samar
Almagro,PH0806001,Samar (Western Samar)
Basey,PH0806002,Samar (Western Samar)
Calbayog City,PH0806003,Samar (Western Samar)
Calbiga,PH0806004,Samar (Western Samar)
City of Catbalogan (Capital),PH0806005,Samar (Western Samar)
Daram,PH0806006,Samar (Western Samar)
Gandara,PH0806007,Samar (Western Samar)
Hinabangan,PH0806008,Samar (Western Samar)
Jiabong,PH0806009,Samar (Western Samar)
Marabut,PH0806010,Samar (Western Samar)
Matuguinao,PH0806011,Samar (Western Samar)
Motiong,PH0806012,Samar (Western Samar)
Pinabacdao,PH0806013,Samar (Western Samar)
San Jose de Buan,PH0806014,Samar (Western Samar)
San Sebastian,PH0806015,Samar (Western Samar)
Santa Margarita,PH0806016,Samar (Western Samar)
Santa Rita,PH0806017,Samar (Western Samar)
Santo Niño,PH0806018,Samar (Western Samar)
Talalora,PH0806019,Samar (Western Samar)
Tarangnan,PH0806020,Samar (Western Samar)
Villareal,PH0806021,Samar (Western Samar)
Paranas (Wright),PH0806022,Samar (Western Samar)
Zumarraga,PH0806023,Samar (Western Samar)
Tagapul-an,PH0806024,Samar (Western Samar)
San Jorge,PH0806025,Samar (Western Samar)
Pagsanghan,PH0806026,Samar (Western Samar)
Anahawan,PH0806401,Southern Leyte
Bontoc,PH0806402,Southern Leyte
Hinunangan,PH0806403,Southern Leyte
Hinundayan,PH0806404,Southern Leyte
Libagon,PH0806405,Southern Leyte
Liloan,PH0806406,Southern Leyte
City of Maasin (Capital),PH0806407,Southern Leyte
Macrohon,PH0806408,Southern Leyte
Malitbog,PH0806409,Southern Leyte
Padre Burgos,PH0806410,Southern Leyte
Pintuyan,PH0806411,Southern Leyte
Saint Bernard,PH0806412,Southern Leyte
San Francisco,PH0806413,Southern Leyte
San Juan (Cabalian),PH0806414,Southern Leyte
San Ricardo,PH0806415,Southern Leyte
Silago,PH0806416,Southern Leyte
Sogod,PH0806417,Southern Leyte
Tomas Oppus,PH0806418,Southern Leyte
Limasawa,PH0806419,Southern Leyte
Almeria,PH0807801,Biliran
Biliran,PH0807802,Biliran
Cabucgayan,PH0807803,Biliran
Caibiran,PH0807804,Biliran
Culaba,PH0807805,Biliran
Kawayan,PH0807806,Biliran
Maripipi,PH0807807,Biliran
Naval (Capital),PH0807808,Biliran
Dapitan City,PH0907201,Zamboanga del Norte
Dipolog City (Capital),PH0907202,Zamboanga del Norte
Katipunan,PH0907203,Zamboanga del Norte
La Libertad,PH0907204,Zamboanga del Norte
Labason,PH0907205,Zamboanga del Norte
Liloy,PH0907206,Zamboanga del Norte
Manukan,PH0907207,Zamboanga del Norte
Mutia,PH0907208,Zamboanga del Norte
Piñan (New Piñan),PH0907209,Zamboanga del Norte
Polanco,PH0907210,Zamboanga del Norte
Pres. Manuel A. Roxas,PH0907211,Zamboanga del Norte
Rizal,PH0907212,Zamboanga del Norte
Salug,PH0907213,Zamboanga del Norte
Sergio Osmeña Sr.,PH0907214,Zamboanga del Norte
Siayan,PH0907215,Zamboanga del Norte
Sibuco,PH0907216,Zamboanga del Norte
Sibutad,PH0907217,Zamboanga del Norte
Sindangan,PH0907218,Zamboanga del Norte
Siocon,PH0907219,Zamboanga del Norte
Sirawai,PH0907220,Zamboanga del Norte
Tampilisan,PH0907221,Zamboanga del Norte
Jose Dalman (Ponot),PH0907222,Zamboanga del Norte
Gutalac,PH0907223,Zamboanga del Norte
Baliguian,PH0907224,Zamboanga del Norte
Godod,PH0907225,Zamboanga del Norte
Bacungan (Leon T. Postigo),PH0907226,Zamboanga del Norte
Kalawit,PH0907227,Zamboanga del Norte
Aurora,PH0907302,Zamboanga del Sur
Bayog,PH0907303,Zamboanga del Sur
Dimataling,PH0907305,Zamboanga del Sur
Dinas,PH0907306,Zamboanga del Sur
Dumalinao,PH0907307,Zamboanga del Sur
Dumingag,PH0907308,Zamboanga del Sur
Kumalarang,PH0907311,Zamboanga del Sur
Labangan,PH0907312,Zamboanga del Sur
Lapuyan,PH0907313,Zamboanga del Sur
Mahayag,PH0907315,Zamboanga del Sur
Margosatubig,PH0907317,Zamboanga del Sur
Midsalip,PH0907318,Zamboanga del Sur
Molave,PH0907319,Zamboanga del Sur
Pagadian City (Capital),PH0907322,Zamboanga del Sur
Ramon Magsaysay (Liargo),PH0907323,Zamboanga del Sur
San Miguel,PH0907324,Zamboanga del Sur
San Pablo,PH0907325,Zamboanga del Sur
Tabina,PH0907327,Zamboanga del Sur
Tambulig,PH0907328,Zamboanga del Sur
Tukuran,PH0907330,Zamboanga del Sur
Zamboanga City,PH0907332,Zamboanga del Sur
Lakewood,PH0907333,Zamboanga del Sur
Josefina,PH0907337,Zamboanga del Sur
Pitogo,PH0907338,Zamboanga del Sur
Sominot (Don Mariano Marcos),PH0907340,Zamboanga del Sur
Vincenzo A. Sagun,PH0907341,Zamboanga del Sur
Guipos,PH0907343,Zamboanga del Sur
Tigbao,PH0907344,Zamboanga del Sur
Alicia,PH0908301,Zamboanga Sibugay
Buug,PH0908302,Zamboanga Sibugay
Diplahan,PH0908303,Zamboanga Sibugay
Imelda,PH0908304,Zamboanga Sibugay
Ipil (Capital),PH0908305,Zamboanga Sibugay
Kabasalan,PH0908306,Zamboanga Sibugay
Mabuhay,PH0908307,Zamboanga Sibugay
Malangas,PH0908308,Zamboanga Sibugay
Naga,PH0908309,Zamboanga Sibugay
Olutanga,PH0908310,Zamboanga Sibugay
Payao,PH0908311,Zamboanga Sibugay
Roseller Lim,PH0908312,Zamboanga Sibugay
Siay,PH0908313,Zamboanga Sibugay
Talusan,PH0908314,Zamboanga Sibugay
Titay,PH0908315,Zamboanga Sibugay
Tungawan,PH0908316,Zamboanga Sibugay
City of Isabela,PH0909701,City of Isabela (not a province)
Baungon,PH1001301,Bukidnon
Damulog,PH1001302,Bukidnon
Dangcagan,PH1001303,Bukidnon
Don Carlos,PH1001304,Bukidnon
Impasug-ong,PH1001305,Bukidnon
Kadingilan,PH1001306,Bukidnon
Kalilangan,PH1001307,Bukidnon
Kibawe,PH1001308,Bukidnon
Kitaotao,PH1001309,Bukidnon
Lantapan,PH1001310,Bukidnon
Libona,PH1001311,Bukidnon
City of Malaybalay (Capital),PH1001312,Bukidnon
Malitbog,PH1001313,Bukidnon
Manolo Fortich,PH1001314,Bukidnon
Maramag,PH1001315,Bukidnon
Pangantucan,PH1001316,Bukidnon
Quezon,PH1001317,Bukidnon
San Fernando,PH1001318,Bukidnon
Sumilao,PH1001319,Bukidnon
Talakag,PH1001320,Bukidnon
City of Valencia,PH1001321,Bukidnon
Cabanglasan,PH1001322,Bukidnon
Catarman,PH1001801,Camiguin
Guinsiliban,PH1001802,Camiguin
Mahinog,PH1001803,Camiguin
Mambajao (Capital),PH1001804,Camiguin
Sagay,PH1001805,Camiguin
Bacolod,PH1003501,Lanao del Norte
Baloi,PH1003502,Lanao del Norte
Baroy,PH1003503,Lanao del Norte
Iligan City,PH1003504,Lanao del Norte
Kapatagan,PH1003505,Lanao del Norte
Sultan Naga Dimaporo (Karomatan),PH1003506,Lanao del Norte
Kauswagan,PH1003507,Lanao del Norte
Kolambugan,PH1003508,Lanao del Norte
Lala,PH1003509,Lanao del Norte
Linamon,PH1003510,Lanao del Norte
Magsaysay,PH1003511,Lanao del Norte
Maigo,PH1003512,Lanao del Norte
Matungao,PH1003513,Lanao del Norte
Munai,PH1003514,Lanao del Norte
Nunungan,PH1003515,Lanao del Norte
Pantao Ragat,PH1003516,Lanao del Norte
Poona Piagapo,PH1003517,Lanao del Norte
Salvador,PH1003518,Lanao del Norte
Sapad,PH1003519,Lanao del Norte
Tagoloan,PH1003520,Lanao del Norte
Tangcal,PH1003521,Lanao del Norte
Tubod (Capital),PH1003522,Lanao del Norte
Pantar,PH1003523,Lanao del Norte
Aloran,PH1004201,Misamis Occidental
Baliangao,PH1004202,Misamis Occidental
Bonifacio,PH1004203,Misamis Occidental
Calamba,PH1004204,Misamis Occidental
Clarin,PH1004205,Misamis Occidental
Concepcion,PH1004206,Misamis Occidental
Jimenez,PH1004207,Misamis Occidental
Lopez Jaena,PH1004208,Misamis Occidental
Oroquieta City (Capital),PH1004209,Misamis Occidental
City of Ozamiz,PH1004210,Misamis Occidental
Panaon,PH1004211,Misamis Occidental
Plaridel,PH1004212,Misamis Occidental
Sapang Dalaga,PH1004213,Misamis Occidental
Sinacaban,PH1004214,Misamis Occidental
Tangub City,PH1004215,Misamis Occidental
Tudela,PH1004216,Misamis Occidental
Don Victoriano Chiongbian  (Don Mariano Marcos),PH1004217,Misamis Occidental
Alubijid,PH1004301,Misamis Oriental
Balingasag,PH1004302,Misamis Oriental
Balingoan,PH1004303,Misamis Oriental
Binuangan,PH1004304,Misamis Oriental
Cagayan de Oro City (Capital),PH1004305,Misamis Oriental
Claveria,PH1004306,Misamis Oriental
City of El Salvador,PH1004307,Misamis Oriental
Gingoog City,PH1004308,Misamis Oriental
Gitagum,PH1004309,Misamis Oriental
Initao,PH1004310,Misamis Oriental
Jasaan,PH1004311,Misamis Oriental
Kinoguitan,PH1004312,Misamis Oriental
Lagonglong,PH1004313,Misamis Oriental
Laguindingan,PH1004314,Misamis Oriental
Libertad,PH1004315,Misamis Oriental
Lugait,PH1004316,Misamis Oriental
Magsaysay (Linugos),PH1004317,Misamis Oriental
Manticao,PH1004318,Misamis Oriental
Medina,PH1004319,Misamis Oriental
Naawan,PH1004320,Misamis Oriental
Opol,PH1004321,Misamis Oriental
Salay,PH1004322,Misamis Oriental
Sugbongcogon,PH1004323,Misamis Oriental
Tagoloan,PH1004324,Misamis Oriental
Talisayan,PH1004325,Misamis Oriental
Villanueva,PH1004326,Misamis Oriental
Asuncion (Saug),PH1102301,Davao del Norte
Carmen,PH1102303,Davao del Norte
Kapalong,PH1102305,Davao del Norte
New Corella,PH1102314,Davao del Norte
City of Panabo,PH1102315,Davao del Norte
Island Garden City of Samal,PH1102317,Davao del Norte
Santo Tomas,PH1102318,Davao del Norte
City of Tagum (Capital),PH1102319,Davao del Norte
Talaingod,PH1102322,Davao del Norte
Braulio E. Dujali,PH1102323,Davao del Norte
San Isidro,PH1102324,Davao del Norte
Bansalan,PH1102401,Davao del Sur
Davao City,PH1102402,Davao del Sur
City of Digos (Capital),PH1102403,Davao del Sur
Hagonoy,PH1102404,Davao del Sur
Kiblawan,PH1102406,Davao del Sur
Magsaysay,PH1102407,Davao del Sur
Malalag,PH1102408,Davao del Sur
Matanao,PH1102410,Davao del Sur
Padada,PH1102411,Davao del Sur
Santa Cruz,PH1102412,Davao del Sur
Sulop,PH1102414,Davao del Sur
Baganga,PH1102501,Davao Oriental
Banaybanay,PH1102502,Davao Oriental
Boston,PH1102503,Davao Oriental
Caraga,PH1102504,Davao Oriental
Cateel,PH1102505,Davao Oriental
Governor Generoso,PH1102506,Davao Oriental
Lupon,PH1102507,Davao Oriental
Manay,PH1102508,Davao Oriental
City of Mati (Capital),PH1102509,Davao Oriental
San Isidro,PH1102510,Davao Oriental
Tarragona,PH1102511,Davao Oriental
Compostela,PH1108201,Davao de Oro (Compostela Valley)
Laak (San Vicente),PH1108202,Davao de Oro (Compostela Valley)
Mabini (Doña Alicia),PH1108203,Davao de Oro (Compostela Valley)
Maco,PH1108204,Davao de Oro (Compostela Valley)
Maragusan (San Mariano),PH1108205,Davao de Oro (Compostela Valley)
Mawab,PH1108206,Davao de Oro (Compostela Valley)
Monkayo,PH1108207,Davao de Oro (Compostela Valley)
Montevista,PH1108208,Davao de Oro (Compostela Valley)
Nabunturan (Capital),PH1108209,Davao de Oro (Compostela Valley)
New Bataan,PH1108210,Davao de Oro (Compostela Valley)
Pantukan,PH1108211,Davao de Oro (Compostela Valley)
Don Marcelino,PH1108601,Davao Occidental
Jose Abad Santos (Trinidad),PH1108602,Davao Occidental
Malita,PH1108603,Davao Occidental
Santa Maria,PH1108604,Davao Occidental
Sarangani,PH1108605,Davao Occidental
Alamada,PH1204701,Cotabato (North Cotabato)
Carmen,PH1204702,Cotabato (North Cotabato)
Kabacan,PH1204703,Cotabato (North Cotabato)
City of Kidapawan (Capital),PH1204704,Cotabato (North Cotabato)
Libungan,PH1204705,Cotabato (North Cotabato)
Magpet,PH1204706,Cotabato (North Cotabato)
Makilala,PH1204707,Cotabato (North Cotabato)
Matalam,PH1204708,Cotabato (North Cotabato)
Midsayap,PH1204709,Cotabato (North Cotabato)
M'lang,PH1204710,Cotabato (North Cotabato)
Pigkawayan,PH1204711,Cotabato (North Cotabato)
Pikit,PH1204712,Cotabato (North Cotabato)
President Roxas,PH1204713,Cotabato (North Cotabato)
Tulunan,PH1204714,Cotabato (North Cotabato)
Antipas,PH1204715,Cotabato (North Cotabato)
Banisilan,PH1204716,Cotabato (North Cotabato)
Aleosan,PH1204717,Cotabato (North Cotabato)
Arakan,PH1204718,Cotabato (North Cotabato)
Banga,PH1206302,South Cotabato
General Santos City (Dadiangas),PH1206303,South Cotabato
City of Koronadal (Capital),PH1206306,South Cotabato
Norala,PH1206311,South Cotabato
Polomolok,PH1206312,South Cotabato
Surallah,PH1206313,South Cotabato
Tampakan,PH1206314,South Cotabato
Tantangan,PH1206315,South Cotabato
T'Boli,PH1206316,South Cotabato
Tupi,PH1206317,South Cotabato
Santo Niño,PH1206318,South Cotabato
Lake Sebu,PH1206319,South Cotabato
Bagumbayan,PH1206501,Sultan Kudarat
Columbio,PH1206502,Sultan Kudarat
Esperanza,PH1206503,Sultan Kudarat
Isulan (Capital),PH1206504,Sultan Kudarat
Kalamansig,PH1206505,Sultan Kudarat
Lebak,PH1206506,Sultan Kudarat
Lutayan,PH1206507,Sultan Kudarat
Lambayong (Mariano Marcos),PH1206508,Sultan Kudarat
Palimbang,PH1206509,Sultan Kudarat
President Quirino,PH1206510,Sultan Kudarat
City of Tacurong,PH1206511,Sultan Kudarat
Sen. Ninoy Aquino,PH1206512,Sultan Kudarat
Alabel (Capital),PH1208001,Sarangani
Glan,PH1208002,Sarangani
Kiamba,PH1208003,Sarangani
Maasim,PH1208004,Sarangani
Maitum,PH1208005,Sarangani
Malapatan,PH1208006,Sarangani
Malungon,PH1208007,Sarangani
City of Manila,PH1303901,Metropolitan Manila First District
City of Mandaluyong,PH1307401,Metropolitan Manila Second District
City of Marikina,PH1307402,Metropolitan Manila Second District
City of Pasig,PH1307403,Metropolitan Manila Second District
Quezon City,PH1307404,Metropolitan Manila Second District
City of San Juan,PH1307405,Metropolitan Manila Second District
Caloocan City,PH1307501,Metropolitan Manila Third District
City of Malabon,PH1307502,Metropolitan Manila Third District
City of Navotas,PH1307503,Metropolitan Manila Third District
City of Valenzuela,PH1307504,Metropolitan Manila Third District
City of Las Piñas,PH1307601,Metropolitan Manila Fourth District
City of Makati,PH1307602,Metropolitan Manila Fourth District
City of Muntinlupa,PH1307603,Metropolitan Manila Fourth District
City of Parañaque,PH1307604,Metropolitan Manila Fourth District
Pasay City,PH1307605,Metropolitan Manila Fourth District
Pateros,PH1307606,Metropolitan Manila Fourth District
Taguig City,PH1307607,Metropolitan Manila Fourth District
Bangued (Capital),PH1400101,Abra
Boliney,PH1400102,Abra
Bucay,PH1400103,Abra
Bucloc,PH1400104,Abra
Daguioman,PH1400105,Abra
Danglas,PH1400106,Abra
Dolores,PH1400107,Abra
La Paz,PH1400108,Abra
Lacub,PH1400109,Abra
Lagangilang,PH1400110,Abra
Lagayan,PH1400111,Abra
Langiden,PH1400112,Abra
Licuan-Baay (Licuan),PH1400113,Abra
Luba,PH1400114,Abra
Malibcong,PH1400115,Abra
Manabo,PH1400116,Abra
Peñarrubia,PH1400117,Abra
Pidigan,PH1400118,Abra
Pilar,PH1400119,Abra
Sallapadan,PH1400120,Abra
San Isidro,PH1400121,Abra
San Juan,PH1400122,Abra
San Quintin,PH1400123,Abra
Tayum,PH1400124,Abra
Tineg,PH1400125,Abra
Tubo,PH1400126,Abra
Villaviciosa,PH1400127,Abra
Atok,PH1401101,Benguet
Baguio City,PH1401102,Benguet
Bakun,PH1401103,Benguet
Bokod,PH1401104,Benguet
Buguias,PH1401105,Benguet
Itogon,PH1401106,Benguet
Kabayan,PH1401107,Benguet
Kapangan,PH1401108,Benguet
Kibungan,PH1401109,Benguet
La Trinidad (Capital),PH1401110,Benguet
Mankayan,PH1401111,Benguet
Sablan,PH1401112,Benguet
Tuba,PH1401113,Benguet
Tublay,PH1401114,Benguet
Banaue,PH1402701,Ifugao
Hungduan,PH1402702,Ifugao
Kiangan,PH1402703,Ifugao
Lagawe (Capital),PH1402704,Ifugao
Lamut,PH1402705,Ifugao
Mayoyao,PH1402706,Ifugao
Alfonso Lista (Potia),PH1402707,Ifugao
Aguinaldo,PH1402708,Ifugao
Hingyon,PH1402709,Ifugao
Tinoc,PH1402710,Ifugao
Asipulo,PH1402711,Ifugao
Balbalan,PH1403201,Kalinga
Lubuagan,PH1403206,Kalinga
Pasil,PH1403208,Kalinga
Pinukpuk,PH1403209,Kalinga
Rizal (Liwan),PH1403211,Kalinga
City of Tabuk (Capital),PH1403213,Kalinga
Tanudan,PH1403214,Kalinga
Tinglayan,PH1403215,Kalinga
Barlig,PH1404401,Mountain Province
Bauko,PH1404402,Mountain Province
Besao,PH1404403,Mountain Province
Bontoc (Capital),PH1404404,Mountain Province
Natonin,PH1404405,Mountain Province
Paracelis,PH1404406,Mountain Province
Sabangan,PH1404407,Mountain Province
Sadanga,PH1404408,Mountain Province
Sagada,PH1404409,Mountain Province
Tadian,PH1404410,Mountain Province
Calanasan (Bayag),PH1408101,Apayao
Conner,PH1408102,Apayao
Flora,PH1408103,Apayao
Kabugao (Capital),PH1408104,Apayao
Luna,PH1408105,Apayao
Pudtol,PH1408106,Apayao
Santa Marcela,PH1408107,Apayao
Buenavista,PH1600201,Agusan del Norte
Butuan City (Capital),PH1600202,Agusan del Norte
City of Cabadbaran,PH1600203,Agusan del Norte
Carmen,PH1600204,Agusan del Norte
Jabonga,PH1600205,Agusan del Norte
Kitcharao,PH1600206,Agusan del Norte
Las Nieves,PH1600207,Agusan del Norte
Magallanes,PH1600208,Agusan del Norte
Nasipit,PH1600209,Agusan del Norte
Santiago,PH1600210,Agusan del Norte
Tubay,PH1600211,Agusan del Norte
Remedios T. Romualdez,PH1600212,Agusan del Norte
City of Bayugan,PH1600301,Agusan del Sur
Bunawan,PH1600302,Agusan del Sur
Esperanza,PH1600303,Agusan del Sur
La Paz,PH1600304,Agusan del Sur
Loreto,PH1600305,Agusan del Sur
Prosperidad (Capital),PH1600306,Agusan del Sur
Rosario,PH1600307,Agusan del Sur
San Francisco,PH1600308,Agusan del Sur
San Luis,PH1600309,Agusan del Sur
Santa Josefa,PH1600310,Agusan del Sur
Talacogon,PH1600311,Agusan del Sur
Trento,PH1600312,Agusan del Sur
Veruela,PH1600313,Agusan del Sur
Sibagat,PH1600314,Agusan del Sur
Alegria,PH1606701,Surigao del Norte
Bacuag,PH1606702,Surigao del Norte
Burgos,PH1606704,Surigao del Norte
Claver,PH1606706,Surigao del Norte
Dapa,PH1606707,Surigao del Norte
Del Carmen,PH1606708,Surigao del Norte
General Luna,PH1606710,Surigao del Norte
Gigaquit,PH1606711,Surigao del Norte
Mainit,PH1606714,Surigao del Norte
Malimono,PH1606715,Surigao del Norte
Pilar,PH1606716,Surigao del Norte
Placer,PH1606717,Surigao del Norte
San Benito,PH1606718,Surigao del Norte
San Francisco (Anao-Aon),PH1606719,Surigao del Norte
San Isidro,PH1606720,Surigao del Norte
Santa Monica (Sapao),PH1606721,Surigao del Norte
Sison,PH1606722,Surigao del Norte
Socorro,PH1606723,Surigao del Norte
Surigao City (Capital),PH1606724,Surigao del Norte
Tagana-an,PH1606725,Surigao del Norte
Tubod,PH1606727,Surigao del Norte
Barobo,PH1606801,Surigao del Sur
Bayabas,PH1606802,Surigao del Sur
City of Bislig,PH1606803,Surigao del Sur
Cagwait,PH1606804,Surigao del Sur
Cantilan,PH1606805,Surigao del Sur
Carmen,PH1606806,Surigao del Sur
Carrascal,PH1606807,Surigao del Sur
Cortes,PH1606808,Surigao del Sur
Hinatuan,PH1606809,Surigao del Sur
Lanuza,PH1606810,Surigao del Sur
Lianga,PH1606811,Surigao del Sur
Lingig,PH1606812,Surigao del Sur
Madrid,PH1606813,Surigao del Sur
Marihatag,PH1606814,Surigao del Sur
San Agustin,PH1606815,Surigao del Sur
San Miguel,PH1606816,Surigao del Sur
Tagbina,PH1606817,Surigao del Sur
Tago,PH1606818,Surigao del Sur
City of Tandag (Capital),PH1606819,Surigao del Sur
Basilisa (Rizal),PH1608501,Dinagat Islands
Cagdianao,PH1608502,Dinagat Islands
Dinagat,PH1608503,Dinagat Islands
Libjo (Albor),PH1608504,Dinagat Islands
Loreto,PH1608505,Dinagat Islands
San Jose (Capital),PH1608506,Dinagat Islands
Tubajon,PH1608507,Dinagat Islands
Boac (Capital),PH1704001,Marinduque
Buenavista,PH1704002,Marinduque
Gasan,PH1704003,Marinduque
Mogpog,PH1704004,Marinduque
Santa Cruz,PH1704005,Marinduque
Torrijos,PH1704006,Marinduque
Abra de Ilog,PH1705101,Occidental Mindoro
Calintaan,PH1705102,Occidental Mindoro
Looc,PH1705103,Occidental Mindoro
Lubang,PH1705104,Occidental Mindoro
Magsaysay,PH1705105,Occidental Mindoro
Mamburao (Capital),PH1705106,Occidental Mindoro
Paluan,PH1705107,Occidental Mindoro
Rizal,PH1705108,Occidental Mindoro
Sablayan,PH1705109,Occidental Mindoro
San Jose,PH1705110,Occidental Mindoro
Santa Cruz,PH1705111,Occidental Mindoro
Baco,PH1705201,Oriental Mindoro
Bansud,PH1705202,Oriental Mindoro
Bongabong,PH1705203,Oriental Mindoro
Bulalacao (San Pedro),PH1705204,Oriental Mindoro
City of Calapan (Capital),PH1705205,Oriental Mindoro
Gloria,PH1705206,Oriental Mindoro
Mansalay,PH1705207,Oriental Mindoro
Naujan,PH1705208,Oriental Mindoro
Pinamalayan,PH1705209,Oriental Mindoro
Pola,PH1705210,Oriental Mindoro
Puerto Galera,PH1705211,Oriental Mindoro
Roxas,PH1705212,Oriental Mindoro
San Teodoro,PH1705213,Oriental Mindoro
Socorro,PH1705214,Oriental Mindoro
Victoria,PH1705215,Oriental Mindoro
Aborlan,PH1705301,Palawan
Agutaya,PH1705302,Palawan
Araceli,PH1705303,Palawan
Balabac,PH1705304,Palawan
Bataraza,PH1705305,Palawan
Brooke's Point,PH1705306,Palawan
Busuanga,PH1705307,Palawan
Cagayancillo,PH1705308,Palawan
Coron,PH1705309,Palawan
Cuyo,PH1705310,Palawan
Dumaran,PH1705311,Palawan
El Nido (Bacuit),PH1705312,Palawan
Linapacan,PH1705313,Palawan
Magsaysay,PH1705314,Palawan
Narra,PH1705315,Palawan
Puerto Princesa City (Capital),PH1705316,Palawan
Quezon,PH1705317,Palawan
Roxas,PH1705318,Palawan
San Vicente,PH1705319,Palawan
Taytay,PH1705320,Palawan
Kalayaan,PH1705321,Palawan
Culion,PH1705322,Palawan
Rizal (Marcos),PH1705323,Palawan
Sofronio Española,PH1705324,Palawan
Alcantara,PH1705901,Romblon
Banton,PH1705902,Romblon
Cajidiocan,PH1705903,Romblon
Calatrava,PH1705904,Romblon
Concepcion,PH1705905,Romblon
Corcuera,PH1705906,Romblon
Looc,PH1705907,Romblon
Magdiwang,PH1705908,Romblon
Odiongan,PH1705909,Romblon
Romblon (Capital),PH1705910,Romblon
San Agustin,PH1705911,Romblon
San Andres,PH1705912,Romblon
San Fernando,PH1705913,Romblon
San Jose,PH1705914,Romblon
Santa Fe,PH1705915,Romblon
Ferrol,PH1705916,Romblon
Santa Maria (Imelda),PH1705917,Romblon
City of Lamitan,PH1900702,Basilan
Lantawan,PH1900703,Basilan
Maluso,PH1900704,Basilan
Sumisip,PH1900705,Basilan
Tipo-Tipo,PH1900706,Basilan
Tuburan,PH1900707,Basilan
Akbar,PH1900708,Basilan
Al-Barka,PH1900709,Basilan
Hadji Mohammad Ajul,PH1900710,Basilan
Ungkaya Pukan,PH1900711,Basilan
Hadji Muhtamad,PH1900712,Basilan
Tabuan-Lasa,PH1900713,Basilan
Bacolod-Kalawi (Bacolod Grande),PH1903601,Lanao del Sur
Balabagan,PH1903602,Lanao del Sur
Balindong (Watu),PH1903603,Lanao del Sur
Bayang,PH1903604,Lanao del Sur
Binidayan,PH1903605,Lanao del Sur
Bubong,PH1903606,Lanao del Sur
Butig,PH1903607,Lanao del Sur
Ganassi,PH1903609,Lanao del Sur
Kapai,PH1903610,Lanao del Sur
Lumba-Bayabao (Maguing),PH1903611,Lanao del Sur
Lumbatan,PH1903612,Lanao del Sur
Madalum,PH1903613,Lanao del Sur
Madamba,PH1903614,Lanao del Sur
Malabang,PH1903615,Lanao del Sur
Marantao,PH1903616,Lanao del Sur
Marawi City (Capital),PH1903617,Lanao del Sur
Masiu,PH1903618,Lanao del Sur
Mulondo,PH1903619,Lanao del Sur
Pagayawan (Tatarikan),PH1903620,Lanao del Sur
Piagapo,PH1903621,Lanao del Sur
Poona Bayabao (Gata),PH1903622,Lanao del Sur
Pualas,PH1903623,Lanao del Sur
Ditsaan-Ramain,PH1903624,Lanao del Sur
Saguiaran,PH1903625,Lanao del Sur
Tamparan,PH1903626,Lanao del Sur
Taraka,PH1903627,Lanao del Sur
Tubaran,PH1903628,Lanao del Sur
Tugaya,PH1903629,Lanao del Sur
Wao,PH1903630,Lanao del Sur
Marogong,PH1903631,Lanao del Sur
Calanogas,PH1903632,Lanao del Sur
Buadiposo-Buntong,PH1903633,Lanao del Sur
Maguing,PH1903634,Lanao del Sur
Picong (Sultan Gumander),PH1903635,Lanao del Sur
Lumbayanague,PH1903636,Lanao del Sur
Amai Manabilang (Bumbaran),PH1903637,Lanao del Sur
Tagoloan II,PH1903638,Lanao del Sur
Kapatagan,PH1903639,Lanao del Sur
Sultan Dumalondong,PH1903640,Lanao del Sur
Lumbaca-Unayan,PH1903641,Lanao del Sur
Indanan,PH1906601,Sulu
Jolo (Capital),PH1906602,Sulu
Kalingalan Caluang,PH1906603,Sulu
Luuk,PH1906604,Sulu
Maimbung,PH1906605,Sulu
Hadji Panglima Tahil (Marunggas),PH1906606,Sulu
Old Panamao,PH1906607,Sulu
Pangutaran,PH1906608,Sulu
Parang,PH1906609,Sulu
Pata,PH1906610,Sulu
Patikul,PH1906611,Sulu
Siasi,PH1906612,Sulu
Talipao,PH1906613,Sulu
Tapul,PH1906614,Sulu
Tongkil,PH1906615,Sulu
Panglima Estino (New Panamao),PH1906616,Sulu
Lugus,PH1906617,Sulu
Pandami,PH1906618,Sulu
Omar,PH1906619,Sulu
Panglima Sugala (Balimbing),PH1907001,Tawi-Tawi
Bongao (Capital),PH1907002,Tawi-Tawi
Mapun (Cagayan de Tawi-Tawi),PH1907003,Tawi-Tawi
Simunul,PH1907004,Tawi-Tawi
Sitangkai,PH1907005,Tawi-Tawi
South Ubian,PH1907006,Tawi-Tawi
Tandubas,PH1907007,Tawi-Tawi
Turtle Islands,PH1907008,Tawi-Tawi
Languyan,PH1907009,Tawi-Tawi
Sapa-Sapa,PH1907010,Tawi-Tawi
Sibutu,PH1907011,Tawi-Tawi
Buldon,PH1908702,Maguindanao del Norte
Cotabato City,PH1908703,Maguindanao del Norte
Datu Odin Sinsuat (Dinaig),PH1908707,Maguindanao del Norte
Matanog,PH1908709,Maguindanao del Norte
Parang,PH1908711,Maguindanao del Norte
Sultan Kudarat (Nuling),PH1908712,Maguindanao del Norte
Kabuntalan (Tumbao),PH1908714,Maguindanao del Norte
Upi,PH1908715,Maguindanao del Norte
Barira,PH1908718,Maguindanao del Norte
Talitay,PH1908721,Maguindanao del Norte
Sultan Mastura,PH1908724,Maguindanao del Norte
Datu Blah T. Sinsuat,PH1908730,Maguindanao del Norte
Northern Kabuntalan,PH1908734,Maguindanao del Norte
Ampatuan,PH1908801,Maguindanao del Sur
Buluan,PH1908803,Maguindanao del Sur
Datu Paglas,PH1908805,Maguindanao del Sur
Datu Piang,PH1908806,Maguindanao del Sur
Shariff Aguak (Maganoy) (Capital),PH1908808,Maguindanao del Sur
Pagalungan,PH1908810,Maguindanao del Sur
Sultan Sa Barongis (Lambayong),PH1908813,Maguindanao del Sur
Talayan,PH1908816,Maguindanao del Sur
South Upi,PH1908817,Maguindanao del Sur
Gen. S.K. Pendatun,PH1908819,Maguindanao del Sur
Mamasapano,PH1908820,Maguindanao del Sur
Pagagawan,PH1908822,Maguindanao del Sur
Paglat,PH1908823,Maguindanao del Sur
Guindulungan,PH1908825,Maguindanao del Sur
Datu Saudi-Ampatuan,PH1908826,Maguindanao del Sur
Datu Unsay,PH1908827,Maguindanao del Sur
Datu Abdullah Sangki,PH1908828,Maguindanao del Sur
Rajah Buayan,PH1908829,Maguindanao del Sur
Datu Anggal Midtimbang,PH1908831,Maguindanao del Sur
Mangudadatu,PH1908832,Maguindanao del Sur
Pandag,PH1908833,Maguindanao del Sur
Datu Hoffer Ampatuan,PH1908835,Maguindanao del Sur
Datu Salibo,PH1908836,Maguindanao del Sur
Shariff Saydona Mustapha,PH1908837,Maguindanao del Sur
Special Geographic Area - Carmen,PH1909901,Special Geographic Area
Special Geographic Area - Kabacan,PH1909902,Special Geographic Area
Special Geographic Area - Midsayap I,PH1909903,Special Geographic Area
Special Geographic Area - Midsayap II,PH1909904,Special Geographic Area
Special Geographic Area - Pigkawayan,PH1909905,Special Geographic Area
Special Geographic Area - Pikit I,PH1909906,Special Geographic Area
Special Geographic Area - Pikit II,PH1909907,Special Geographic Area
Special Geographic Area - Pikit III,PH1909908,Special Geographic Area
